 	CAC001 	Alameda
atom 	CAC003 	Alpine
atom 	CAC005 	Amador
atom 	CAC007 	Butte
atom 	CAC009 	Calaveras
atom 	CAC011 	Colusa
atom 	CAC013 	Contra Costa
atom 	CAC015 	Del Norte
atom 	CAC017 	El Dorado
atom 	CAC019 	Fresno
atom 	CAC021 	Glenn
atom 	CAC023 	Humboldt
atom 	CAC025 	Imperial
atom 	CAC027 	Inyo
atom 	CAC029 	Kern
atom 	CAC031 	Kings
atom 	CAC033 	Lake
atom 	CAC035 	Lassen
atom 	CAC037 	Los Angeles
atom 	CAC039 	Madera
atom 	CAC041 	Marin
atom 	CAC043 	Mariposa
atom 	CAC045 	Mendocino
atom 	CAC047 	Merced
atom 	CAC049 	Modoc
atom 	CAC051 	Mono
atom 	CAC053 	Monterey
atom 	CAC055 	Napa
atom 	CAC057 	Nevada
atom 	CAC059 	Orange
atom 	CAC061 	Placer
atom 	CAC063 	Plumas
atom 	CAC065 	Riverside
atom 	CAC067 	Sacramento
atom 	CAC069 	San Benito
atom 	CAC071 	San Bernardino
atom 	CAC073 	San Diego
atom 	CAC075 	San Francisco
atom 	CAC077 	San Joaquin
atom 	CAC079 	San Luis Obispo
atom 	CAC081 	San Mateo
atom 	CAC083 	Santa Barbara
atom 	CAC085 	Santa Clara
atom 	CAC087 	Santa Cruz
atom 	CAC089 	Shasta
atom 	CAC091 	Sierra
atom 	CAC093 	Siskiyou
atom 	CAC095 	Solano
atom 	CAC097 	Sonoma
atom 	CAC099 	Stanislaus
atom 	CAC101 	Sutter
atom 	CAC103 	Tehama
atom 	CAC105 	Trinity
atom 	CAC107 	Tulare
atom 	CAC109 	Tuolumne
atom 	CAC111 	Ventura
atom 	CAC113 	Yolo
atom 	CAC115 	Yuba
