 	ILC001 	Adams
atom 	ILC003 	Alexander
atom 	ILC005 	Bond
atom 	ILC007 	Boone
atom 	ILC009 	Brown
atom 	ILC011 	Bureau
atom 	ILC013 	Calhoun
atom 	ILC015 	Carroll
atom 	ILC017 	Cass
atom 	ILC019 	Champaign
atom 	ILC021 	Christian
atom 	ILC023 	Clark
atom 	ILC025 	Clay
atom 	ILC027 	Clinton
atom 	ILC029 	Coles
atom 	ILC031 	Cook
atom 	ILC033 	Crawford
atom 	ILC035 	Cumberland
atom 	ILC037 	De Kalb
atom 	ILC039 	De Witt
atom 	ILC041 	Douglas
atom 	ILC043 	DuPage
atom 	ILC045 	Edgar
atom 	ILC047 	Edwards
atom 	ILC049 	Effingham
atom 	ILC051 	Fayette
atom 	ILC053 	Ford
atom 	ILC055 	Franklin
atom 	ILC057 	Fulton
atom 	ILC059 	Gallatin
atom 	ILC061 	Greene
atom 	ILC063 	Grundy
atom 	ILC065 	Hamilton
atom 	ILC067 	Hancock
atom 	ILC069 	Hardin
atom 	ILC071 	Henderson
atom 	ILC073 	Henry
atom 	ILC075 	Iroquois
atom 	ILC077 	Jackson
atom 	ILC079 	Jasper
atom 	ILC081 	Jefferson
atom 	ILC083 	Jersey
atom 	ILC085 	Jo Daviess
atom 	ILC087 	Johnson
atom 	ILC089 	Kane
atom 	ILC091 	Kankakee
atom 	ILC093 	Kendall
atom 	ILC095 	Knox
atom 	ILC097 	Lake
atom 	ILC099 	La Salle
atom 	ILC101 	Lawrence
atom 	ILC103 	Lee
atom 	ILC105 	Livingston
atom 	ILC107 	Logan
atom 	ILC109 	McDonough
atom 	ILC111 	McHenry
atom 	ILC113 	McLean
atom 	ILC115 	Macon
atom 	ILC117 	Macoupin
atom 	ILC119 	Madison
atom 	ILC121 	Marion
atom 	ILC123 	Marshall
atom 	ILC125 	Mason
atom 	ILC127 	Massac
atom 	ILC129 	Menard
atom 	ILC131 	Mercer
atom 	ILC133 	Monroe
atom 	ILC135 	Montgomery
atom 	ILC137 	Morgan
atom 	ILC139 	Moultrie
atom 	ILC141 	Ogle
atom 	ILC143 	Peoria
atom 	ILC145 	Perry
atom 	ILC147 	Piatt
atom 	ILC149 	Pike
atom 	ILC151 	Pope
atom 	ILC153 	Pulaski
atom 	ILC155 	Putnam
atom 	ILC157 	Randolph
atom 	ILC159 	Richland
atom 	ILC161 	Rock Island
atom 	ILC163 	St. Clair
atom 	ILC165 	Saline
atom 	ILC167 	Sangamon
atom 	ILC169 	Schuyler
atom 	ILC171 	Scott
atom 	ILC173 	Shelby
atom 	ILC175 	Stark
atom 	ILC177 	Stephenson
atom 	ILC179 	Tazewell
atom 	ILC181 	Union
atom 	ILC183 	Vermilion
atom 	ILC185 	Wabash
atom 	ILC187 	Warren
atom 	ILC189 	Washington
atom 	ILC191 	Wayne
atom 	ILC193 	White
atom 	ILC195 	Whiteside
atom 	ILC197 	Will
atom 	ILC199 	Williamson
atom 	ILC201 	Winnebago
atom 	ILC203 	Woodford


