 	INC001 	Adams
atom 	INC003 	Allen
atom 	INC005 	Bartholomew
atom 	INC007 	Benton
atom 	INC009 	Blackford
atom 	INC011 	Boone
atom 	INC013 	Brown
atom 	INC015 	Carroll
atom 	INC017 	Cass
atom 	INC019 	Clark
atom 	INC021 	Clay
atom 	INC023 	Clinton
atom 	INC025 	Crawford
atom 	INC027 	Daviess
atom 	INC029 	Dearborn
atom 	INC031 	Decatur
atom 	INC033 	De Kalb
atom 	INC035 	Delaware
atom 	INC037 	Dubois
atom 	INC039 	Elkhart
atom 	INC041 	Fayette
atom 	INC043 	Floyd
atom 	INC045 	Fountain
atom 	INC047 	Franklin
atom 	INC049 	Fulton
atom 	INC051 	Gibson
atom 	INC053 	Grant
atom 	INC055 	Greene
atom 	INC057 	Hamilton
atom 	INC059 	Hancock
atom 	INC061 	Harrison
atom 	INC063 	Hendricks
atom 	INC065 	Henry
atom 	INC067 	Howard
atom 	INC069 	Huntington
atom 	INC071 	Jackson
atom 	INC073 	Jasper
atom 	INC075 	Jay
atom 	INC077 	Jefferson
atom 	INC079 	Jennings
atom 	INC081 	Johnson
atom 	INC083 	Knox
atom 	INC085 	Kosciusko
atom 	INC087 	Lagrange
atom 	INC089 	Lake
atom 	INC091 	La Porte
atom 	INC093 	Lawrence
atom 	INC095 	Madison
atom 	INC097 	Marion
atom 	INC099 	Marshall
atom 	INC101 	Martin
atom 	INC103 	Miami
atom 	INC105 	Monroe
atom 	INC107 	Montgomery
atom 	INC109 	Morgan
atom 	INC111 	Newton
atom 	INC113 	Noble
atom 	INC115 	Ohio
atom 	INC117 	Orange
atom 	INC119 	Owen
atom 	INC121 	Parke
atom 	INC123 	Perry
atom 	INC125 	Pike
atom 	INC127 	Porter
atom 	INC129 	Posey
atom 	INC131 	Pulaski
atom 	INC133 	Putnam
atom 	INC135 	Randolph
atom 	INC137 	Ripley
atom 	INC139 	Rush
atom 	INC141 	St. Joseph
atom 	INC143 	Scott
atom 	INC145 	Shelby
atom 	INC147 	Spencer
atom 	INC149 	Starke
atom 	INC151 	Steuben
atom 	INC153 	Sullivan
atom 	INC155 	Switzerland
atom 	INC157 	Tippecanoe
atom 	INC159 	Tipton
atom 	INC161 	Union
atom 	INC163 	Vanderburgh
atom 	INC165 	Vermillion
atom 	INC167 	Vigo
atom 	INC169 	Wabash
atom 	INC171 	Warren
atom 	INC173 	Warrick
atom 	INC175 	Washington
atom 	INC177 	Wayne
atom 	INC179 	Wells
atom 	INC181 	White
atom 	INC183 	Whitley
