 	MDC001 	Allegany
atom 	MDC003 	Anne Arundel
atom 	MDC005 	Baltimore
atom 	MDC009 	Calvert
atom 	MDC011 	Caroline
atom 	MDC013 	Carroll
atom 	MDC015 	Cecil
atom 	MDC017 	Charles
atom 	MDC019 	Dorchester
atom 	MDC021 	Frederick
atom 	MDC023 	Garrett
atom 	MDC025 	Harford
atom 	MDC027 	Howard
atom 	MDC029 	Kent
atom 	MDC031 	Montgomery
atom 	MDC033 	Prince Georges
atom 	MDC035 	Queen Anne's
atom 	MDC037 	St. Marys
atom 	MDC039 	Somerset
atom 	MDC041 	Talbot
atom 	MDC043 	Washington
atom 	MDC045 	Wicomico
atom 	MDC047 	Worcester
atom 	MDC510 	Baltimore City
