 	MOC001 	Adair
atom 	MOC003 	Andrew
atom 	MOC005 	Atchison
atom 	MOC007 	Audrain
atom 	MOC009 	Barry
atom 	MOC011 	Barton
atom 	MOC013 	Bates
atom 	MOC015 	Benton
atom 	MOC017 	Bollinger
atom 	MOC019 	Boone
atom 	MOC021 	Buchanan
atom 	MOC023 	Butler
atom 	MOC025 	Caldwell
atom 	MOC027 	Callaway
atom 	MOC029 	Camden
atom 	MOC031 	Cape Girardeau
atom 	MOC033 	Carroll
atom 	MOC035 	Carter
atom 	MOC037 	Cass
atom 	MOC039 	Cedar
atom 	MOC041 	Chariton
atom 	MOC043 	Christian
atom 	MOC045 	Clark
atom 	MOC047 	Clay
atom 	MOC049 	Clinton
atom 	MOC051 	Cole
atom 	MOC053 	Cooper
atom 	MOC055 	Crawford
atom 	MOC057 	Dade
atom 	MOC059 	Dallas
atom 	MOC061 	Daviess
atom 	MOC063 	DeKalb
atom 	MOC065 	Dent
atom 	MOC067 	Douglas
atom 	MOC069 	Dunklin
atom 	MOC071 	Franklin
atom 	MOC073 	Gasconade
atom 	MOC075 	Gentry
atom 	MOC077 	Greene
atom 	MOC079 	Grundy
atom 	MOC081 	Harrison
atom 	MOC083 	Henry
atom 	MOC085 	Hickory
atom 	MOC087 	Holt
atom 	MOC089 	Howard
atom 	MOC091 	Howell
atom 	MOC093 	Iron
atom 	MOC095 	Jackson
atom 	MOC097 	Jasper
atom 	MOC099 	Jefferson
atom 	MOC101 	Johnson
atom 	MOC103 	Knox
atom 	MOC105 	Laclede
atom 	MOC107 	Lafayette
atom 	MOC109 	Lawrence
atom 	MOC111 	Lewis
atom 	MOC113 	Lincoln
atom 	MOC115 	Linn
atom 	MOC117 	Livingston
atom 	MOC119 	McDonald
atom 	MOC121 	Macon
atom 	MOC123 	Madison
atom 	MOC125 	Maries
atom 	MOC127 	Marion
atom 	MOC129 	Mercer
atom 	MOC131 	Miller
atom 	MOC133 	Mississippi
atom 	MOC135 	Moniteau
atom 	MOC137 	Monroe
atom 	MOC139 	Montgomery
atom 	MOC141 	Morgan
atom 	MOC143 	New Madrid
atom 	MOC145 	Newton
atom 	MOC147 	Nodaway
atom 	MOC149 	Oregon
atom 	MOC151 	Osage
atom 	MOC153 	Ozark
atom 	MOC155 	Pemiscot
atom 	MOC157 	Perry
atom 	MOC159 	Pettis
atom 	MOC161 	Phelps
atom 	MOC163 	Pike
atom 	MOC165 	Platte
atom 	MOC167 	Polk
atom 	MOC169 	Pulaski
atom 	MOC171 	Putnam
atom 	MOC173 	Ralls
atom 	MOC175 	Randolph
atom 	MOC177 	Ray
atom 	MOC179 	Reynolds
atom 	MOC181 	Ripley
atom 	MOC183 	St. Charles
atom 	MOC185 	St. Clair
atom 	MOC186 	Ste. Genevieve
atom 	MOC187 	St. Francois
atom 	MOC189 	St. Louis
atom 	MOC195 	Saline
atom 	MOC197 	Schuyler
atom 	MOC199 	Scotland
atom 	MOC201 	Scott
atom 	MOC203 	Shannon
atom 	MOC205 	Shelby
atom 	MOC207 	Stoddard
atom 	MOC209 	Stone
atom 	MOC211 	Sullivan
atom 	MOC213 	Taney
atom 	MOC215 	Texas
atom 	MOC217 	Vernon
atom 	MOC219 	Warren
atom 	MOC221 	Washington
atom 	MOC223 	Wayne
atom 	MOC225 	Webster
atom 	MOC227 	Worth
atom 	MOC229 	Wright
atom 	MOC510 	St. Louis City
