 	NEC001 	Adams
atom 	NEC003 	Antelope
atom 	NEC005 	Arthur
atom 	NEC007 	Banner
atom 	NEC009 	Blaine
atom 	NEC011 	Boone
atom 	NEC013 	Box Butte
atom 	NEC015 	Boyd
atom 	NEC017 	Brown
atom 	NEC019 	Buffalo
atom 	NEC021 	Burt
atom 	NEC023 	Butler
atom 	NEC025 	Cass
atom 	NEC027 	Cedar
atom 	NEC029 	Chase
atom 	NEC031 	Cherry
atom 	NEC033 	Cheyenne
atom 	NEC035 	Clay
atom 	NEC037 	Colfax
atom 	NEC039 	Cuming
atom 	NEC041 	Custer
atom 	NEC043 	Dakota
atom 	NEC045 	Dawes
atom 	NEC047 	Dawson
atom 	NEC049 	Deuel
atom 	NEC051 	Dixon
atom 	NEC053 	Dodge
atom 	NEC055 	Douglas
atom 	NEC057 	Dundy
atom 	NEC059 	Fillmore
atom 	NEC061 	Franklin
atom 	NEC063 	Frontier
atom 	NEC065 	Furnas
atom 	NEC067 	Gage
atom 	NEC069 	Garden
atom 	NEC071 	Garfield
atom 	NEC073 	Gosper
atom 	NEC075 	Grant
atom 	NEC077 	Greeley
atom 	NEC079 	Hall
atom 	NEC081 	Hamilton
atom 	NEC083 	Harlan
atom 	NEC085 	Hayes
atom 	NEC087 	Hitchcock
atom 	NEC089 	Holt
atom 	NEC091 	Hooker
atom 	NEC093 	Howard
atom 	NEC095 	Jefferson
atom 	NEC097 	Johnson
atom 	NEC099 	Kearney
atom 	NEC101 	Keith
atom 	NEC103 	Keya Paha
atom 	NEC105 	Kimball
atom 	NEC107 	Knox
atom 	NEC109 	Lancaster
atom 	NEC111 	Lincoln
atom 	NEC113 	Logan
atom 	NEC115 	Loup
atom 	NEC117 	McPherson
atom 	NEC119 	Madison
atom 	NEC121 	Merrick
atom 	NEC123 	Morrill
atom 	NEC125 	Nance
atom 	NEC127 	Nemaha
atom 	NEC129 	Nuckolls
atom 	NEC131 	Otoe
atom 	NEC133 	Pawnee
atom 	NEC135 	Perkins
atom 	NEC137 	Phelps
atom 	NEC139 	Pierce
atom 	NEC141 	Platte
atom 	NEC143 	Polk
atom 	NEC145 	Red Willow
atom 	NEC147 	Richardson
atom 	NEC149 	Rock
atom 	NEC151 	Saline
atom 	NEC153 	Sarpy
atom 	NEC155 	Saunders
atom 	NEC157 	Scotts Bluff
atom 	NEC159 	Seward
atom 	NEC161 	Sheridan
atom 	NEC163 	Sherman
atom 	NEC165 	Sioux
atom 	NEC167 	Stanton
atom 	NEC169 	Thayer
atom 	NEC171 	Thomas
atom 	NEC173 	Thurston
atom 	NEC175 	Valley
atom 	NEC177 	Washington
atom 	NEC179 	Wayne
atom 	NEC181 	Webster
atom 	NEC183 	Wheeler
atom 	NEC185 	York
