 	SCC001 	Abbeville
atom 	SCC003 	Aiken
atom 	SCC005 	Allendale
atom 	SCC007 	Anderson
atom 	SCC009 	Bamberg
atom 	SCC011 	Barnwell
atom 	SCC013 	Beaufort
atom 	SCC015 	Berkeley
atom 	SCC017 	Calhoun
atom 	SCC019 	Charleston
atom 	SCC021 	Cherokee
atom 	SCC023 	Chester
atom 	SCC025 	Chesterfield
atom 	SCC027 	Clarendon
atom 	SCC029 	Colleton
atom 	SCC031 	Darlington
atom 	SCC033 	Dillon
atom 	SCC035 	Dorchester
atom 	SCC037 	Edgefield
atom 	SCC039 	Fairfield
atom 	SCC041 	Florence
atom 	SCC043 	Georgetown
atom 	SCC045 	Greenville
atom 	SCC047 	Greenwood
atom 	SCC049 	Hampton
atom 	SCC051 	Horry
atom 	SCC053 	Jasper
atom 	SCC055 	Kershaw
atom 	SCC057 	Lancaster
atom 	SCC059 	Laurens
atom 	SCC061 	Lee
atom 	SCC063 	Lexington
atom 	SCC065 	McCormick
atom 	SCC067 	Marion
atom 	SCC069 	Marlboro
atom 	SCC071 	Newberry
atom 	SCC073 	Oconee
atom 	SCC075 	Orangeburg
atom 	SCC077 	Pickens
atom 	SCC079 	Richland
atom 	SCC081 	Saluda
atom 	SCC083 	Spartanburg
atom 	SCC085 	Sumter
atom 	SCC087 	Union
atom 	SCC089 	Williamsburg
atom 	SCC091 	York
