 	WIC001 	Adams
atom 	WIC003 	Ashland
atom 	WIC005 	Barron
atom 	WIC007 	Bayfield
atom 	WIC009 	Brown
atom 	WIC011 	Buffalo
atom 	WIC013 	Burnett
atom 	WIC015 	Calumet
atom 	WIC017 	Chippewa
atom 	WIC019 	Clark
atom 	WIC021 	Columbia
atom 	WIC023 	Crawford
atom 	WIC025 	Dane
atom 	WIC027 	Dodge
atom 	WIC029 	Door
atom 	WIC031 	Douglas
atom 	WIC033 	Dunn
atom 	WIC035 	Eau Claire
atom 	WIC037 	Florence
atom 	WIC039 	Fond du Lac
atom 	WIC041 	Forest
atom 	WIC043 	Grant
atom 	WIC045 	Green
atom 	WIC047 	Green Lake
atom 	WIC049 	Iowa
atom 	WIC051 	Iron
atom 	WIC053 	Jackson
atom 	WIC055 	Jefferson
atom 	WIC057 	Juneau
atom 	WIC059 	Kenosha
atom 	WIC061 	Kewaunee
atom 	WIC063 	La Crosse
atom 	WIC065 	Lafayette
atom 	WIC067 	Langlade
atom 	WIC069 	Lincoln
atom 	WIC071 	Manitowoc
atom 	WIC073 	Marathon
atom 	WIC075 	Marinette
atom 	WIC077 	Marquette
atom 	WIC078 	Menominee
atom 	WIC079 	Milwaukee
atom 	WIC081 	Monroe
atom 	WIC083 	Oconto
atom 	WIC085 	Oneida
atom 	WIC087 	Outagamie
atom 	WIC089 	Ozaukee
atom 	WIC091 	Pepin
atom 	WIC093 	Pierce
atom 	WIC095 	Polk
atom 	WIC097 	Portage
atom 	WIC099 	Price
atom 	WIC101 	Racine
atom 	WIC103 	Richland
atom 	WIC105 	Rock
atom 	WIC107 	Rusk
atom 	WIC109 	St. Croix
atom 	WIC111 	Sauk
atom 	WIC113 	Sawyer
atom 	WIC115 	Shawano
atom 	WIC117 	Sheboygan
atom 	WIC119 	Taylor
atom 	WIC121 	Trempealeau
atom 	WIC123 	Vernon
atom 	WIC125 	Vilas
atom 	WIC127 	Walworth
atom 	WIC129 	Washburn
atom 	WIC131 	Washington
atom 	WIC133 	Waukesha
atom 	WIC135 	Waupaca
atom 	WIC137 	Waushara
atom 	WIC139 	Winnebago
atom 	WIC141 	Wood
