 	WVC001 	Barbour
atom 	WVC003 	Berkeley
atom 	WVC005 	Boone
atom 	WVC007 	Braxton
atom 	WVC009 	Brooke
atom 	WVC011 	Cabell
atom 	WVC013 	Calhoun
atom 	WVC015 	Clay
atom 	WVC017 	Doddridge
atom 	WVC019 	Fayette
atom 	WVC021 	Gilmer
atom 	WVC023 	Grant
atom 	WVC025 	Greenbrier
atom 	WVC027 	Hampshire
atom 	WVC029 	Hancock
atom 	WVC031 	Hardy
atom 	WVC033 	Harrison
atom 	WVC035 	Jackson
atom 	WVC037 	Jefferson
atom 	WVC039 	Kanawha
atom 	WVC041 	Lewis
atom 	WVC043 	Lincoln
atom 	WVC045 	Logan
atom 	WVC047 	McDowell
atom 	WVC049 	Marion
atom 	WVC051 	Marshall
atom 	WVC053 	Mason
atom 	WVC055 	Mercer
atom 	WVC057 	Mineral
atom 	WVC059 	Mingo
atom 	WVC061 	Monongalia
atom 	WVC063 	Monroe
atom 	WVC065 	Morgan
atom 	WVC067 	Nicholas
atom 	WVC069 	Ohio
atom 	WVC071 	Pendleton
atom 	WVC073 	Pleasants
atom 	WVC075 	Pocahontas
atom 	WVC077 	Preston
atom 	WVC079 	Putnam
atom 	WVC081 	Raleigh
atom 	WVC083 	Randolph
atom 	WVC085 	Ritchie
atom 	WVC087 	Roane
atom 	WVC089 	Summers
atom 	WVC091 	Taylor
atom 	WVC093 	Tucker
atom 	WVC095 	Tyler
atom 	WVC097 	Upshur
atom 	WVC099 	Wayne
atom 	WVC101 	Webster
atom 	WVC103 	Wetzel
atom 	WVC105 	Wirt
atom 	WVC107 	Wood
atom 	WVC109 	Wyoming
