 	ILZ001 	Jo Daviess
atom 	ILZ002 	Stephenson
atom 	ILZ003 	Winnebago
atom 	ILZ004 	Boone
atom 	ILZ005 	McHenry
atom 	ILZ006 	Lake
atom 	ILZ007 	Carroll
atom 	ILZ008 	Ogle
atom 	ILZ009 	Whiteside
atom 	ILZ010 	Lee
atom 	ILZ011 	De Kalb
atom 	ILZ012 	Kane
atom 	ILZ013 	DuPage
atom 	ILZ014 	Cook
atom 	ILZ015 	Rock Island
atom 	ILZ016 	Henry
atom 	ILZ017 	Bureau
atom 	ILZ018 	Putnam
atom 	ILZ019 	La Salle
atom 	ILZ020 	Kendall
atom 	ILZ021 	Grundy
atom 	ILZ022 	Will
atom 	ILZ023 	Kankakee
atom 	ILZ024 	Mercer
atom 	ILZ025 	Henderson
atom 	ILZ026 	Warren
atom 	ILZ027 	Knox
atom 	ILZ028 	Stark
atom 	ILZ029 	Peoria
atom 	ILZ030 	Marshall
atom 	ILZ031 	Woodford
atom 	ILZ032 	Livingston
atom 	ILZ033 	Iroquois
atom 	ILZ034 	Hancock
atom 	ILZ035 	McDonough
atom 	ILZ036 	Fulton
atom 	ILZ037 	Tazewell
atom 	ILZ038 	McLean
atom 	ILZ039 	Ford
atom 	ILZ040 	Schuyler
atom 	ILZ041 	Mason
atom 	ILZ042 	Logan
atom 	ILZ043 	De Witt
atom 	ILZ044 	Piatt
atom 	ILZ045 	Champaign
atom 	ILZ046 	Vermilion
atom 	ILZ047 	Cass
atom 	ILZ048 	Menard
atom 	ILZ049 	Scott
atom 	ILZ050 	Morgan
atom 	ILZ051 	Sangamon
atom 	ILZ052 	Christian
atom 	ILZ053 	Macon
atom 	ILZ054 	Moultrie
atom 	ILZ055 	Douglas
atom 	ILZ056 	Coles
atom 	ILZ057 	Edgar
atom 	ILZ058 	Greene
atom 	ILZ059 	Macoupin
atom 	ILZ060 	Montgomery
atom 	ILZ061 	Shelby
atom 	ILZ062 	Cumberland
atom 	ILZ063 	Clark
atom 	ILZ064 	Bond
atom 	ILZ065 	Fayette
atom 	ILZ066 	Effingham
atom 	ILZ067 	Jasper
atom 	ILZ068 	Crawford
atom 	ILZ069 	Clinton
atom 	ILZ070 	Marion
atom 	ILZ071 	Clay
atom 	ILZ072 	Richland
atom 	ILZ073 	Lawrence
atom 	ILZ074 	Washington
atom 	ILZ075 	Jefferson
atom 	ILZ076 	Wayne
atom 	ILZ077 	Edwards
atom 	ILZ078 	Wabash
atom 	ILZ079 	Randolph
atom 	ILZ080 	Perry
atom 	ILZ081 	Franklin
atom 	ILZ082 	Hamilton
atom 	ILZ083 	White
atom 	ILZ084 	Jackson
atom 	ILZ085 	Williamson
atom 	ILZ086 	Saline
atom 	ILZ087 	Gallatin
atom 	ILZ088 	Union
atom 	ILZ089 	Johnson
atom 	ILZ090 	Pope
atom 	ILZ091 	Hardin
atom 	ILZ092 	Alexander
atom 	ILZ093 	Pulaski
atom 	ILZ094 	Massac
atom 	ILZ095 	Adams
atom 	ILZ096 	Brown
atom 	ILZ097 	Pike
atom 	ILZ098 	Calhoun
atom 	ILZ099 	Jersey
atom 	ILZ100 	Madison
atom 	ILZ101 	St. Clair
atom 	ILZ102 	Monroe
