 	NVZ001 	Mineral and Southern Lyon Counties
atom 	NVZ002 	Greater Lake Tahoe Area
atom 	NVZ003 	Greater Reno-Carson City-Minden Area
atom 	NVZ004 	Western Nevada Basin and Range including Pyramid Lake
atom 	NVZ005 	Northern Washoe County
atom 	NVZ014 	Esmeralda and Central Nye County
atom 	NVZ015 	Lincoln County
atom 	NVZ016 	Northeast Clark County
atom 	NVZ017 	Western Clark and Southern Nye County
atom 	NVZ018 	Sheep Range
atom 	NVZ019 	Spring Mountains-Red Rock Canyon
atom 	NVZ020 	Las Vegas Valley
atom 	NVZ021 	Lake Mead National Recreation Area
atom 	NVZ022 	Southern Clark County
atom 	NVZ030 	Humboldt County
atom 	NVZ031 	Northern Elko County
atom 	NVZ033 	Southeastern Elko County
atom 	NVZ034 	Ruby Mountains and East Humboldt Range
atom 	NVZ035 	White Pine County
atom 	NVZ036 	Northern Lander County and Northern Eureka County
atom 	NVZ037 	Southern Lander County and Southern Eureka County
atom 	NVZ038 	Southwest Elko County
atom 	NVZ039 	South Central Elko County
atom 	NVZ040 	Northwestern Nye County
atom 	NVZ041 	Northeastern Nye County
atom 	NVZ450 	Carson City/Douglas/Storey/Southern Washoe/Eastern Lyon Counties
atom 	NVZ453 	West-Central Nevada Basin and Range
atom 	NVZ454 	Central Lander and Eureka Counties
atom 	NVZ455 	White Pine County
atom 	NVZ457 	Northern Nye County/Lander and Eureka Counties South of Highway 50
atom 	NVZ458 	Northern Washoe County
atom 	NVZ459 	Mineral and Southern Lyon Counties
atom 	NVZ460 	Esmeralda and Nye County Deserts/CNC Dispatch
atom 	NVZ461 	Lincoln County/Ely Dispatch
atom 	NVZ462 	Nye County Deserts/Las Vegas Dispatch
atom 	NVZ463 	Sheep Range
atom 	NVZ464 	Spring Mountains
atom 	NVZ465 	Clark and SW Lincoln County Deserts/Las Vegas Dispatch
atom 	NVZ466 	Lake Mead NRA/Colorado River-NV side
atom 	NVZ467 	Central and Western Humboldt County
atom 	NVZ468 	Eastern Humboldt County and Northwestern Elko County
atom 	NVZ469 	Southwestern and Central Elko County
atom 	NVZ470 	Eastern Elko County
