 	AZZ001 	Northwest Plateau
atom 	AZZ002 	Lake Havasu and Fort Mohave
atom 	AZZ003 	Northwest Deserts
atom 	AZZ004 	Kaibab Plateau
atom 	AZZ005 	Marble and Glen Canyons
atom 	AZZ006 	Grand Canyon Country
atom 	AZZ007 	Coconino Plateau
atom 	AZZ008 	Yavapai County Mountains
atom 	AZZ009 	Northeast Plateaus and Mesas Hwy 264 Northward
atom 	AZZ010 	Chinle Valley
atom 	AZZ011 	Chuska Mountains and Defiance Plateau
atom 	AZZ012 	Little Colorado River Valley in Coconino County
atom 	AZZ013 	Little Colorado River Valley in Navajo County
atom 	AZZ014 	Little Colorado River Valley in Apache County
atom 	AZZ015 	Western Mogollon Rim
atom 	AZZ016 	Eastern Mogollon Rim
atom 	AZZ017 	White Mountains
atom 	AZZ018 	Northern Gila County
atom 	AZZ036 	Lake Mead National Recreation Area
atom 	AZZ037 	Yavapai County Valleys and Basins
atom 	AZZ038 	Oak Creek and Sycamore Canyons
atom 	AZZ039 	Black Mesa Area
atom 	AZZ040 	Northeast Plateaus and Mesas South of Hwy 264
atom 	AZZ101 	Lake Mead NRA/Colorado River-AZ side
atom 	AZZ102 	Northwest Deserts/Northwest Plateau
atom 	AZZ104 	Kaibab Plateau
atom 	AZZ105 	Marble and Glen Canyons
atom 	AZZ106 	Grand Canyon Country
atom 	AZZ107 	Coconino Plateau
atom 	AZZ108 	Yavapai County Mountains
atom 	AZZ109 	Northeast Plateaus and Mesas Hwy 264 Northward
atom 	AZZ110 	Chinle Valley
atom 	AZZ111 	Chuska Mountains and Defiance Plateau
atom 	AZZ112 	Little Colorado River Valley in Coconino County
atom 	AZZ113 	Little Colorado River Valley in Navajo County
atom 	AZZ114 	Little Colorado River Valley in Apache County
atom 	AZZ115 	Western Mogollon Rim
atom 	AZZ116 	Eastern Mogollon Rim
atom 	AZZ117 	White Mountains
atom 	AZZ118 	Northern Gila County
atom 	AZZ131 	Yuma/Martinez Lake and Vicinity/Lower Colorado River Valley AZ
atom 	AZZ132 	Central Deserts
atom 	AZZ133 	Southern Gila County/Tonto National Forest Foothills
atom 	AZZ137 	Yavapai County Valleys and Basins
atom 	AZZ138 	Oak Creek and Sycamore Canyons
atom 	AZZ139 	Black Mesa Area
atom 	AZZ140 	Northeast Plateaus and Mesas South of Hwy 264
atom 	AZZ150 	Western Pima-South Central Pinal-Tohono Oodham Nation
atom 	AZZ151 	Eastern Pima-Southeastern Pinal-Santa Cruz-Western Cochise
atom 	AZZ152 	Southern Graham-Central and Eastern Cochise-Southern Greenlee-Lower Elevations of the San Carlos Apache Nation in Graham County
atom 	AZZ153 	Northern Graham-Northern Greenlee-White and Gila Mountains
atom 	AZZ501 	Western Pima County Including Ajo/Organ Pipe Cactus National Monument
atom 	AZZ502 	Tohono O'odham Nation including Sells
atom 	AZZ503 	Upper Santa Cruz River and Altar Valleys including Nogales
atom 	AZZ504 	Tucson Metro Area including Tucson/Green Valley/Marana/Vail
atom 	AZZ505 	South Central Pinal County including Eloy/Picacho Peak State Park
atom 	AZZ506 	Southeast Pinal County including Kearny/Mammoth/Oracle
atom 	AZZ507 	Upper San Pedro River Valley including Sierra Vista/Benson
atom 	AZZ508 	Eastern Cochise County Below 5000 Feet including Douglas/Willcox
atom 	AZZ509 	Upper Gila River and Aravaipa Valleys including Clifton/Safford
atom 	AZZ510 	White Mountains of Graham and Greenlee Counties including Hannagan Meadow
atom 	AZZ511 	Galiuro and Pinaleno Mountains including Mount Graham
atom 	AZZ512 	Chiricahua Mountains including Chiricahua National Monument
atom 	AZZ513 	Dragoon/Mule/Huachuca and Santa Rita Mountains including Bisbee/Canelo Hills/Madera Canyon
atom 	AZZ514 	Santa Catalina and Rincon Mountains including Mount Lemmon/Summerhaven
atom 	AZZ515 	Baboquivari Mountains including Kitt Peak
atom 	AZZ530 	Parker Valley
atom 	AZZ531 	Kofa
atom 	AZZ532 	Yuma
atom 	AZZ533 	Central La Paz
atom 	AZZ534 	Aguila Valley
atom 	AZZ535 	Southeast Yuma County
atom 	AZZ536 	Gila River Valley
atom 	AZZ537 	Northwest Valley
atom 	AZZ538 	Tonopah Desert
atom 	AZZ539 	Gila Bend
atom 	AZZ540 	Buckeye/Avondale
atom 	AZZ541 	Cave Creek/New River
atom 	AZZ542 	Deer Valley
atom 	AZZ543 	Central Phoenix
atom 	AZZ544 	North Phoenix/Glendale
atom 	AZZ545 	New River Mesa
atom 	AZZ546 	Scottsdale/Paradise Valley
atom 	AZZ547 	Rio Verde/Salt River
atom 	AZZ548 	East Valley
atom 	AZZ549 	Fountain Hills/East Mesa
atom 	AZZ550 	South Mountain/Ahwatukee
atom 	AZZ551 	Southeast Valley/Queen Creek
atom 	AZZ552 	Superior
atom 	AZZ553 	Northwest Pinal County
atom 	AZZ554 	West Pinal County
atom 	AZZ555 	Apache Junction/Gold Canyon
atom 	AZZ556 	Tonto Basin
atom 	AZZ557 	Mazatzal Mountains
atom 	AZZ558 	Pinal/Superstition Mountains
atom 	AZZ559 	Sonoran Desert Natl Monument
atom 	AZZ560 	San Carlos
atom 	AZZ561 	Dripping Springs
atom 	AZZ562 	Globe/Miami
atom 	AZZ563 	Southeast Gila County
