 	FLZ007 	North Walton
atom 	FLZ008 	Central Walton
atom 	FLZ009 	Holmes
atom 	FLZ010 	Washington
atom 	FLZ011 	Jackson
atom 	FLZ012 	Inland Bay
atom 	FLZ013 	Calhoun
atom 	FLZ014 	Inland Gulf
atom 	FLZ015 	Inland Franklin
atom 	FLZ016 	Gadsden
atom 	FLZ017 	Leon
atom 	FLZ018 	Inland Jefferson
atom 	FLZ019 	Madison
atom 	FLZ020 	Hamilton
atom 	FLZ021 	Suwannee
atom 	FLZ022 	Columbia
atom 	FLZ023 	Baker
atom 	FLZ024 	Inland Nassau
atom 	FLZ025 	Inland Duval
atom 	FLZ026 	Liberty
atom 	FLZ027 	Inland Wakulla
atom 	FLZ028 	Inland Taylor
atom 	FLZ029 	Lafayette
atom 	FLZ030 	Union
atom 	FLZ031 	Bradford
atom 	FLZ032 	Clay
atom 	FLZ033 	St. Johns
atom 	FLZ034 	Inland Dixie
atom 	FLZ035 	Gilchrist
atom 	FLZ036 	Alachua
atom 	FLZ037 	Putnam
atom 	FLZ038 	Flagler
atom 	FLZ040 	Marion
atom 	FLZ041 	Inland Volusia County
atom 	FLZ043 	Sumter
atom 	FLZ044 	Northern Lake County
atom 	FLZ045 	Orange
atom 	FLZ046 	Seminole
atom 	FLZ047 	Southern Brevard County
atom 	FLZ050 	Pinellas
atom 	FLZ052 	Polk
atom 	FLZ053 	Osceola
atom 	FLZ054 	Indian River
atom 	FLZ056 	Hardee
atom 	FLZ057 	Highlands
atom 	FLZ058 	Okeechobee
atom 	FLZ059 	St. Lucie
atom 	FLZ061 	DeSoto
atom 	FLZ063 	Glades
atom 	FLZ064 	Martin
atom 	FLZ066 	Hendry
atom 	FLZ067 	Inland Palm Beach County
atom 	FLZ068 	Metro Palm Beach County
atom 	FLZ069 	Coastal Collier County
atom 	FLZ070 	Inland Collier County
atom 	FLZ071 	Inland Broward County
atom 	FLZ072 	Metro Broward County
atom 	FLZ073 	Inland Miami-Dade County
atom 	FLZ074 	Metropolitan Miami Dade
atom 	FLZ075 	Mainland Monroe
atom 	FLZ076 	Monroe Upper Keys
atom 	FLZ077 	Monroe Middle Keys
atom 	FLZ078 	Monroe Lower Keys
atom 	FLZ108 	South Walton
atom 	FLZ112 	Coastal Bay
atom 	FLZ114 	Coastal Gulf
atom 	FLZ115 	Coastal Franklin
atom 	FLZ118 	Coastal Jefferson
atom 	FLZ124 	Coastal Nassau
atom 	FLZ125 	Coastal Duval
atom 	FLZ127 	Coastal Wakulla
atom 	FLZ128 	Coastal Taylor
atom 	FLZ134 	Coastal Dixie
atom 	FLZ139 	Coastal Levy
atom 	FLZ141 	Coastal Volusia County
atom 	FLZ142 	Coastal Citrus
atom 	FLZ144 	Southern Lake County
atom 	FLZ147 	Northern Brevard County
atom 	FLZ148 	Coastal Hernando
atom 	FLZ149 	Coastal Pasco
atom 	FLZ151 	Coastal Hillsborough
atom 	FLZ155 	Coastal Manatee
atom 	FLZ160 	Coastal Sarasota
atom 	FLZ162 	Coastal Charlotte
atom 	FLZ165 	Coastal Lee
atom 	FLZ168 	Coastal Palm Beach County
atom 	FLZ172 	Coastal Broward County
atom 	FLZ173 	Coastal Miami Dade County
atom 	FLZ174 	Far South Miami-Dade County
atom 	FLZ201 	Escambia Inland
atom 	FLZ202 	Escambia Coastal
atom 	FLZ203 	Santa Rosa Inland
atom 	FLZ204 	Santa Rosa Coastal
atom 	FLZ205 	Okaloosa Inland
atom 	FLZ206 	Okaloosa Coastal
atom 	FLZ239 	Inland Levy
atom 	FLZ242 	Inland Citrus
atom 	FLZ248 	Inland Hernando
atom 	FLZ249 	Inland Pasco
atom 	FLZ251 	Inland Hillsborough
atom 	FLZ255 	Inland Manatee
atom 	FLZ260 	Inland Sarasota
atom 	FLZ262 	Inland Charlotte
atom 	FLZ265 	Inland Lee
