 	MDZ014 	Anne Arundel
atom 	MDZ018 	Calvert
atom 	MDZ020 	Caroline
atom 	MDZ005 	Carroll
atom 	MDZ008 	Cecil
atom 	MDZ502 	Central and Eastern Allegany
atom 	MDZ506 	Central and Southeast Howard
atom 	MDZ504 	Central and Southeast Montgomery
atom 	MDZ016 	Charles
atom 	MDZ021 	Dorchester
atom 	MDZ501 	Extreme Western Allegany
atom 	MDZ004 	Frederick
atom 	MDZ001 	Garrett
atom 	MDZ024 	Inland Worcester
atom 	MDZ012 	Kent
atom 	MDZ025 	Maryland Beaches
atom 	MDZ006 	Northern Baltimore
atom 	MDZ507 	Northwest Harford
atom 	MDZ505 	Northwest Howard
atom 	MDZ503 	Northwest Montgomery
atom 	MDZ013 	Prince Georges
atom 	MDZ015 	Queen Anne's
atom 	MDZ023 	Somerset
atom 	MDZ508 	Southeast Harford
atom 	MDZ011 	Southern Baltimore
atom 	MDZ017 	St. Marys
atom 	MDZ019 	Talbot
atom 	MDZ003 	Washington
atom 	MDZ022 	Wicomico
