 	MEZ001 	Northwest Aroostook
atom 	MEZ002 	Northeast Aroostook
atom 	MEZ003 	Northern Somerset
atom 	MEZ004 	Northern Piscataquis
atom 	MEZ005 	Northern Penobscot
atom 	MEZ006 	Southeast Aroostook
atom 	MEZ007 	Northern Oxford
atom 	MEZ008 	Northern Franklin
atom 	MEZ009 	Central Somerset
atom 	MEZ010 	Central Piscataquis
atom 	MEZ011 	Central Penobscot
atom 	MEZ012 	Southern Oxford
atom 	MEZ013 	Southern Franklin
atom 	MEZ014 	Southern Somerset
atom 	MEZ015 	Southern Penobscot
atom 	MEZ016 	Interior Hancock
atom 	MEZ017 	Central Washington
atom 	MEZ018 	Interior York
atom 	MEZ019 	Interior Cumberland
atom 	MEZ020 	Androscoggin
atom 	MEZ021 	Kennebec
atom 	MEZ022 	Interior Waldo
atom 	MEZ023 	Coastal York
atom 	MEZ024 	Coastal Cumberland
atom 	MEZ025 	Sagadahoc
atom 	MEZ026 	Lincoln
atom 	MEZ027 	Knox
atom 	MEZ028 	Coastal Waldo
atom 	MEZ029 	Coastal Hancock
atom 	MEZ030 	Coastal Washington
atom 	MEZ031 	Southern Piscataquis
atom 	MEZ032 	Northern Washington
