 	PAZ001 	Northern Erie
atom 	PAZ002 	Southern Erie
atom 	PAZ003 	Crawford
atom 	PAZ004 	Warren
atom 	PAZ005 	McKean
atom 	PAZ006 	Potter
atom 	PAZ007 	Mercer
atom 	PAZ008 	Venango
atom 	PAZ009 	Forest
atom 	PAZ010 	Elk
atom 	PAZ011 	Cameron
atom 	PAZ012 	Northern Clinton
atom 	PAZ013 	Lawrence
atom 	PAZ014 	Butler
atom 	PAZ015 	Clarion
atom 	PAZ016 	Jefferson
atom 	PAZ017 	Clearfield
atom 	PAZ018 	Northern Centre
atom 	PAZ019 	Southern Centre
atom 	PAZ020 	Beaver
atom 	PAZ021 	Allegheny
atom 	PAZ022 	Armstrong
atom 	PAZ023 	Indiana
atom 	PAZ024 	Cambria
atom 	PAZ025 	Blair
atom 	PAZ026 	Huntingdon
atom 	PAZ027 	Mifflin
atom 	PAZ028 	Juniata
atom 	PAZ029 	Washington
atom 	PAZ031 	Greene
atom 	PAZ033 	Somerset
atom 	PAZ034 	Bedford
atom 	PAZ035 	Fulton
atom 	PAZ036 	Franklin
atom 	PAZ037 	Tioga
atom 	PAZ038 	Bradford
atom 	PAZ039 	Susquehanna
atom 	PAZ040 	Northern Wayne
atom 	PAZ041 	Northern Lycoming
atom 	PAZ042 	Sullivan
atom 	PAZ043 	Wyoming
atom 	PAZ044 	Lackawanna
atom 	PAZ045 	Southern Clinton
atom 	PAZ046 	Southern Lycoming
atom 	PAZ047 	Luzerne
atom 	PAZ048 	Pike
atom 	PAZ049 	Union
atom 	PAZ050 	Snyder
atom 	PAZ051 	Montour
atom 	PAZ052 	Northumberland
atom 	PAZ053 	Columbia
atom 	PAZ054 	Carbon
atom 	PAZ055 	Monroe
atom 	PAZ056 	Perry
atom 	PAZ057 	Dauphin
atom 	PAZ058 	Schuylkill
atom 	PAZ059 	Lebanon
atom 	PAZ060 	Berks
atom 	PAZ061 	Lehigh
atom 	PAZ062 	Northampton
atom 	PAZ063 	Cumberland
atom 	PAZ064 	Adams
atom 	PAZ065 	York
atom 	PAZ066 	Lancaster
atom 	PAZ070 	Delaware
atom 	PAZ071 	Philadelphia
atom 	PAZ072 	Southern Wayne
atom 	PAZ073 	Westmoreland
atom 	PAZ074 	Westmoreland Ridges
atom 	PAZ075 	Fayette
atom 	PAZ076 	Fayette Ridges
atom 	PAZ101 	Western Chester
atom 	PAZ102 	Eastern Chester
atom 	PAZ103 	Western Montgomery
atom 	PAZ104 	Eastern Montgomery
atom 	PAZ105 	Upper Bucks
atom 	PAZ106 	Lower Bucks
