 	VTZ001 	Grand Isle
atom 	VTZ002 	Western Franklin
atom 	VTZ003 	Orleans
atom 	VTZ004 	Essex
atom 	VTZ005 	Western Chittenden
atom 	VTZ006 	Lamoille
atom 	VTZ007 	Caledonia
atom 	VTZ008 	Washington
atom 	VTZ009 	Western Addison
atom 	VTZ010 	Orange
atom 	VTZ011 	Western Rutland
atom 	VTZ012 	Windsor
atom 	VTZ013 	Bennington
atom 	VTZ014 	Western Windham
atom 	VTZ015 	Eastern Windham
atom 	VTZ016 	Eastern Franklin
atom 	VTZ017 	Eastern Chittenden
atom 	VTZ018 	Eastern Addison
atom 	VTZ019 	Eastern Rutland


