 	WVZ001 	Hancock
atom 	WVZ002 	Brooke
atom 	WVZ003 	Ohio
atom 	WVZ004 	Marshall
atom 	WVZ005 	Wayne
atom 	WVZ006 	Cabell
atom 	WVZ007 	Mason
atom 	WVZ008 	Jackson
atom 	WVZ009 	Wood
atom 	WVZ010 	Pleasants
atom 	WVZ011 	Tyler
atom 	WVZ012 	Wetzel
atom 	WVZ013 	Lincoln
atom 	WVZ014 	Putnam
atom 	WVZ015 	Kanawha
atom 	WVZ016 	Roane
atom 	WVZ017 	Wirt
atom 	WVZ018 	Calhoun
atom 	WVZ019 	Ritchie
atom 	WVZ020 	Doddridge
atom 	WVZ021 	Marion
atom 	WVZ024 	Mingo
atom 	WVZ025 	Logan
atom 	WVZ026 	Boone
atom 	WVZ027 	Clay
atom 	WVZ028 	Braxton
atom 	WVZ029 	Gilmer
atom 	WVZ030 	Lewis
atom 	WVZ031 	Harrison
atom 	WVZ032 	Taylor
atom 	WVZ033 	McDowell
atom 	WVZ034 	Wyoming
atom 	WVZ039 	Upshur
atom 	WVZ040 	Barbour
atom 	WVZ042 	Mercer
atom 	WVZ043 	Summers
atom 	WVZ044 	Monroe
atom 	WVZ050 	Hampshire
atom 	WVZ051 	Morgan
atom 	WVZ052 	Berkeley
atom 	WVZ053 	Jefferson
atom 	WVZ055 	Hardy
atom 	WVZ501 	Western Grant
atom 	WVZ502 	Eastern Grant
atom 	WVZ503 	Western Mineral
atom 	WVZ504 	Eastern Mineral
atom 	WVZ505 	Western Pendleton
atom 	WVZ506 	Eastern Pendleton
atom 	WVZ507 	Eastern Greenbrier
atom 	WVZ508 	Western Greenbrier
atom 	WVZ509 	Monongalia
atom 	WVZ510 	Ridges of Eastern Monongalia and Northwestern Preston
atom 	WVZ511 	Preston
atom 	WVZ512 	Eastern Preston
atom 	WVZ513 	Western Tucker
atom 	WVZ514 	Eastern Tucker
atom 	WVZ515 	Northwest Raleigh
atom 	WVZ516 	Southeast Raleigh
atom 	WVZ517 	Northwest Fayette
atom 	WVZ518 	Southeast Fayette
atom 	WVZ519 	Northwest Nicholas
atom 	WVZ520 	Southeast Nicholas
atom 	WVZ521 	Northwest Webster
atom 	WVZ522 	Southeast Webster
atom 	WVZ523 	Northwest Pocahontas
atom 	WVZ524 	Southeast Pocahontas
atom 	WVZ525 	Northwest Randolph
atom 	WVZ526 	Southeast Randolph
